0.00834,4406.54871,4018.75473,4400.99345,4203.2604,4096.10362,2968.7375,2968.7375,3113.19089
0.00847,4117.78761,3826.26507,4191.48759,4005.83629,3899.2209,2938.72633,2938.72633,3090.15898
0.00861,4725.80788,4285.69357,4712.43756,4450.97053,4313.35004,3110.33337,3110.33337,3336.08453
0.00874,4607.15062,4114.95702,4494.38213,4202.33699,4060.74413,2838.60473,2838.60473,3046.36879
0.00888,4774.42092,4323.0839,4746.0027,4434.01519,4291.056,3098.05295,3098.05295,3284.54572
0.00902,4684.79448,4228.58715,4661.03058,4366.70965,4236.95212,3065.32928,3065.32928,3276.45387
0.00916,4606.30962,4150.75271,4557.5569,4301.68792,4171.36783,3008.12242,3008.12242,3212.44665
0.0093,4352.67124,3907.25046,4300.26478,4026.20676,3908.61606,2843.53172,2843.53172,3025.94945
0.00945,4197.62617,3789.28003,4152.48348,3915.03664,3779.81122,2760.89459,2760.89459,2965.37329
0.00959,4047.88136,3642.76437,4022.54311,3758.96976,3656.09822,2631.74398,2631.74398,2828.63916
0.00975,3887.28491,3495.9729,3847.90829,3611.76428,3475.74932,2589.70129,2589.70129,2757.70458
0.00982,3666.87284,3334.77129,3637.63541,3441.12954,3302.54357,2458.52922,2458.52922,2615.54353
0.00997,3614.66055,3263.3771,3593.5699,3366.20073,3254.79989,2400.75509,2400.75509,2555.91827
0.01005,3370.64317,3061.90673,3360.41663,3163.81734,3045.93844,2230.60204,2230.60204,2373.894
0.01021,3285.96939,2981.02904,3279.96825,3082.64325,2972.4675,2200.61879,2200.61879,2349.63845
0.01029,3180.98479,2868.6359,3146.23802,2968.48441,2866.8871,2106.48103,2106.48103,2246.21308
0.01045,3027.51784,2759.79515,3029.69986,2856.55039,2752.30494,2062.23191,2062.23191,2195.66919
0.01053,2960.00225,2668.785,2942.24135,2762.88385,2674.10917,1973.57562,1973.57562,2103.73415
0.0107,2834.61765,2553.45948,2819.4922,2655.33889,2564.9784,1896.49862,1896.49862,2025.58664
0.01078,2705.16571,2426.65963,2688.48488,2531.4652,2434.4784,1812.05967,1812.05967,1917.35206
0.01095,2645.78621,2385.59064,2634.04853,2464.83751,2397.29657,1789.98278,1789.98278,1905.13333
0.01103,2565.48856,2320.25954,2548.01023,2401.35832,2331.63142,1743.85102,1743.85102,1861.04931
0.01112,2491.80879,2262.87263,2487.47392,2333.48365,2274.99837,1699.9297,1699.9297,1808.87507
0.01121,2374.69305,2147.48328,2358.90393,2216.3317,2143.22859,1615.90427,1615.90427,1713.65401
0.01138,2299.64913,2074.41852,2280.55506,2142.21263,2077.46076,1560.25269,1560.25269,1655.14549
0.01147,2227.15199,2020.72179,2217.70481,2086.85793,2020.80395,1523.78634,1523.78634,1618.88528
0.01156,2203.8924,2002.92817,2185.24382,2064.6428,2001.92885,1523.14275,1523.14275,1605.98836
0.01165,2087.57045,1893.81814,2088.7788,1968.59137,1914.28568,1459.58707,1459.58707,1541.89859
0.01174,2015.01813,1824.69735,2009.99889,1890.22385,1833.3592,1390.49781,1390.49781,1463.76523
0.01193,1975.04299,1805.36064,1987.7409,1866.39545,1823.59001,1381.7713,1381.7713,1464.82171
0.01202,1898.86765,1726.97031,1899.94233,1788.54801,1729.90897,1316.54578,1316.54578,1401.12439
0.01211,1860.86252,1701.36283,1870.70251,1755.40767,1715.41911,1312.98846,1312.98846,1397.03497
0.01221,1806.56371,1651.05234,1810.67681,1719.24217,1672.87524,1284.58872,1284.58872,1357.81316
0.0123,1741.37451,1589.67857,1751.01165,1650.31956,1607.89119,1237.75368,1237.75368,1311.3106
0.0124,1720.27608,1577.15658,1736.5569,1638.79941,1590.40869,1222.53219,1222.53219,1306.10631
0.01249,1660.13458,1513.08362,1665.65037,1574.3724,1530.75317,1182.41622,1182.41622,1255.3909
0.01259,1592.46419,1461.22866,1611.51421,1521.53665,1478.41002,1161.84299,1161.84299,1231.54774
0.01269,1577.54471,1441.24262,1586.53028,1506.31443,1459.25647,1139.22898,1139.22898,1203.87631
0.01279,1530.35685,1419.92341,1555.91249,1480.87509,1432.35008,1141.93861,1141.93861,1214.43301
0.01289,1475.41985,1338.62194,1483.13826,1403.73991,1359.50925,1071.87898,1071.87898,1139.36723
0.01299,1446.29357,1321.63676,1464.90028,1392.2733,1340.39577,1059.21727,1059.21727,1128.06959
0.01309,1426.83512,1321.55207,1443.1451,1384.25831,1346.51918,1085.39729,1085.39729,1142.96132
0.01319,1360.99915,1252.34032,1383.4514,1307.41537,1272.91771,1006.40081,1006.40081,1066.10033
0.0133,1342.18354,1255.11698,1366.46833,1308.03513,1271.29073,1015.09327,1015.09327,1078.48657
0.0134,1289.25763,1192.17451,1306.29958,1246.39893,1209.56519,962.08793,962.08793,1018.84444
0.0135,1258.4127,1179.27032,1285.95785,1226.66342,1205.7872,974.7924,974.7924,1033.56267
0.01361,1188.85266,1118.5797,1217.08872,1162.95487,1131.28768,915.01767,915.01767,975.048
0.01371,1197.08238,1114.22757,1223.40282,1165.29195,1135.55919,926.00282,926.00282,983.20739
0.01382,1128.9563,1062.86278,1159.68065,1110.1583,1080.56164,888.60835,888.60835,943.05663
0.01393,1118.021,1058.20906,1151.97673,1103.55884,1086.57262,890.96786,890.96786,943.58104
0.01404,1080.29898,1013.36215,1107.43494,1058.70247,1038.26962,857.57583,857.57583,902.14826
0.01415,1024.94986,968.27452,1052.36384,1011.12368,984.8676,826.36468,826.36468,862.57253
0.01426,998.24418,954.66986,1036.33885,1002.44727,983.18223,839.44548,839.44548,880.13287
0.01437,991.45588,913.87389,1003.60958,959.25342,938.93243,754.81032,754.81032,800.63679
0.01448,950.09281,912.35541,987.28267,956.83889,937.99391,807.77118,807.77118,847.29131
0.01459,902.53299,860.29125,932.27565,897.51033,877.82762,743.8343,743.8343,788.05743
0.01471,889.0751,839.28319,916.09904,876.94913,870.24709,723.74476,723.74476,766.4968
0.01482,859.6201,822.52969,892.85158,863.78956,845.37198,722.70779,722.70779,762.01595
0.01494,815.54782,782.62858,849.1045,814.8891,801.10292,691.4231,691.4231,728.26898
0.01505,790.91368,754.76366,820.95923,792.90527,776.86882,675.46706,675.46706,709.65065
0.01517,758.49363,729.06274,792.20119,769.09904,761.07528,668.07172,668.07172,699.01272
0.01529,735.59949,700.7272,764.53051,739.54862,720.44968,631.55701,631.55701,665.55582
0.01541,751.88461,712.6691,779.87504,747.07546,733.5609,625.59316,625.59316,661.83191
0.01553,700.77852,660.41814,725.42816,694.27744,677.13697,582.45554,582.45554,616.8903
0.01565,658.27894,634.10719,686.45072,667.65641,655.44136,591.26827,591.26827,622.51198
0.01577,662.30383,625.45554,688.32044,657.14655,643.21442,550.07632,550.07632,586.94306
0.0159,627.30062,596.68455,656.24408,628.35199,616.70929,530.90954,530.90954,565.98231
0.01602,603.85725,572.60877,625.54069,600.73349,591.61763,524.10166,524.10166,551.91432
0.01614,611.00622,576.09834,630.23486,599.12238,594.67196,512.3415,512.3415,542.0088
0.01627,572.24234,540.30175,591.67846,568.58181,557.50986,489.53659,489.53659,512.5877
0.0164,561.99226,532.2112,580.26265,556.0777,546.92565,473.03069,473.03069,501.36708
0.01652,525.66063,489.78921,541.72506,518.67347,506.35006,443.35301,443.35301,467.51945
0.01665,520.79356,491.27145,542.46606,519.85636,506.37711,442.60048,442.60048,464.82943
0.01678,503.58353,472.98601,520.74221,500.98487,489.68006,429.76686,429.76686,456.43605
0.01691,481.46238,451.87414,500.75824,481.27154,469.57054,408.70179,408.70179,432.47868
0.01705,475.55192,445.91233,495.18537,471.49593,464.4196,405.7554,405.7554,428.23825
0.01718,472.54417,429.77179,483.16619,456.44173,448.25245,381.77349,381.77349,408.56698
0.01731,450.20895,418.99057,467.75522,445.82623,437.28768,377.68932,377.68932,402.05009
0.01745,423.7773,392.40496,441.6995,419.64943,413.35586,360.53557,360.53557,383.72983
0.01758,422.66391,390.44596,435.14419,419.16023,411.48146,349.56163,349.56163,370.82113
0.01772,397.51665,371.80182,414.00045,396.22333,392.38537,339.92632,339.92632,362.64308
0.01786,389.57706,360.80612,401.42793,384.03558,381.15323,319.63246,319.63246,343.76862
0.018,371.32188,343.63658,381.93907,370.16982,359.94083,312.00981,312.00981,332.76288
0.01814,369.60457,339.25198,378.6785,361.51764,357.31779,296.91818,296.91818,320.95287
0.01828,357.77945,328.87623,366.77062,351.92325,345.08962,291.57743,291.57743,311.83598
0.01842,342.2044,311.29512,348.61077,334.69196,328.92385,278.749,278.749,301.11386
0.01857,333.82217,303.11413,339.29848,326.39761,320.52082,270.28085,270.28085,289.81696
0.01871,318.1135,290.50143,324.50861,313.71084,305.66099,259.64009,259.64009,279.34758
0.01886,306.83647,273.16007,310.57763,296.3866,287.90039,237.52039,237.52039,256.92672
0.019,300.82014,272.23151,304.64911,293.71554,288.33716,245.16925,245.16925,264.41183
0.01915,288.57319,259.98459,293.34606,280.79382,273.45684,229.71135,229.71135,249.28271
0.0193,274.5205,247.70126,277.91841,266.59746,262.15014,220.64606,220.64606,240.22211
0.01945,265.88126,243.29741,273.03691,261.70363,256.46541,219.46344,219.46344,239.08909
0.0196,262.38584,235.29886,265.61367,253.3337,247.05346,205.67403,205.67403,225.88778
0.01976,245.92245,225.49109,253.83802,243.52079,239.97514,209.68788,209.68788,226.38877
0.01991,236.90962,211.89216,241.62006,231.233,225.64815,191.94254,191.94254,209.10418
0.02007,236.83905,212.69391,240.21618,232.25564,226.41585,192.33662,192.33662,209.55364
0.02022,222.95963,199.23751,228.23316,218.62635,214.29782,182.1107,182.1107,199.36937
0.02038,216.80782,194.01471,220.13754,212.26238,209.12631,183.5825,183.5825,199.45213
0.02054,210.34312,189.38846,214.74825,206.70882,204.29536,176.24775,176.24775,191.89756
0.0207,201.49259,181.49234,206.8854,199.17413,196.05507,172.73967,172.73967,188.75921
0.02086,197.40865,176.34453,199.96487,193.03667,189.48978,165.85689,165.85689,181.39999
0.02102,191.8066,171.31217,195.47017,188.18603,185.69458,163.03003,163.03003,178.01629
0.02119,183.59898,164.81568,187.57519,180.70635,180.43018,161.32579,161.32579,177.34641
0.02135,177.12765,160.27697,184.17512,177.01178,176.18909,158.09796,158.09796,171.50229
0.02152,170.6858,155.3533,176.05904,169.72362,169.03514,152.88827,152.88827,167.39807
0.02169,164.61882,151.00533,171.52943,166.70292,165.35634,151.87366,151.87366,164.55314
0.02186,157.94502,146.3377,164.90485,160.48166,159.99262,147.16969,147.16969,161.15468
0.02203,153.6904,141.61632,160.85567,156.5463,155.83264,143.19658,143.19658,156.87118
0.0222,147.92349,136.51805,154.39258,151.22691,152.0461,141.70197,141.70197,155.4245
0.02237,145.95851,134.50258,152.68284,148.47371,150.03959,138.19718,138.19718,152.49742
0.02255,142.88707,131.56562,150.14546,146.18965,147.03444,137.93222,137.93222,152.41547
0.02272,137.30089,126.45685,143.16524,139.73308,140.62608,134.09879,134.09879,147.19468
0.0229,134.73959,122.53056,140.06583,137.48419,138.32742,132.00538,132.00538,145.16875
0.02308,130.20741,119.17795,134.63356,133.46278,134.55241,130.48125,130.48125,143.33851
0.02326,126.43163,116.70078,133.25333,131.03848,131.70168,127.11076,127.11076,141.0097
0.02344,123.6984,113.85521,130.56725,127.51969,129.39209,125.81471,125.81471,139.07821
0.02362,119.34706,110.49394,126.45077,124.45875,125.43564,125.03156,125.03156,137.32684
0.0238,116.39068,108.39525,123.77146,121.1326,123.01831,121.9148,121.9148,134.68029
0.02399,113.61569,105.28939,120.12416,120.45053,120.51231,121.33222,121.33222,132.5677
0.02418,111.05429,103.01207,117.26777,116.40087,118.05561,118.84028,118.84028,130.24779
0.02437,107.38361,100.0423,114.16285,114.14317,116.13345,117.05291,117.05291,127.73358
0.02456,105.10845,97.83954,110.8471,112.51453,113.00987,115.05473,115.05473,125.75713
0.02475,103.63842,97.59368,110.93262,110.54255,112.15742,113.29191,113.29191,124.23935
0.02494,100.00505,94.10929,106.55354,107.56055,108.85676,111.75727,111.75727,121.70022
0.02513,97.95335,92.12666,103.9282,105.13061,107.51165,110.19997,110.19997,121.09751
0.02533,95.30485,89.18654,102.19286,102.90436,105.38178,108.03915,108.03915,119.72581
0.02553,93.52289,87.82433,100.54647,101.29675,103.66753,107.2216,107.2216,118.19995
0.02573,91.36915,86.74197,99.0468,98.99307,101.85734,105.85592,105.85592,116.63811
0.02593,89.08564,84.18505,96.28603,96.65568,99.48144,104.57391,104.57391,114.07542
0.02613,87.1258,82.40529,94.31237,94.62577,97.78024,103.16827,103.16827,112.52415
0.02633,85.12502,80.73057,92.18934,93.0126,95.69798,102.07844,102.07844,111.61428
0.02654,83.92075,78.81863,91.45764,91.38009,94.72502,101.30842,101.30842,112.00994
0.02675,82.23602,77.45686,89.61714,90.53481,93.1398,99.97086,99.97086,110.77267
0.02695,80.49777,76.01555,88.27601,89.32704,92.52087,98.80794,98.80794,109.83418
0.02716,79.016,75.30579,87.08267,88.48419,91.68208,96.92839,96.92839,108.5992
0.02738,77.84343,74.61074,86.07286,87.03083,90.68841,97.10426,97.10426,107.44834
0.02759,76.55923,73.38377,84.28787,85.56144,89.58918,96.18458,96.18458,106.20124
0.02781,75.03564,72.26507,82.57688,83.70843,87.71038,95.01271,95.01271,105.2495
0.02802,74.19611,71.16342,80.55959,82.90333,86.2985,94.25862,94.25862,104.66506
0.02824,72.99025,70.16159,79.35124,81.69724,85.05353,93.18519,93.18519,103.7055
0.02846,71.77802,68.81787,78.52282,80.37675,84.58394,92.4834,92.4834,103.36467
0.02868,70.92011,67.75924,77.16816,79.92651,83.41809,92.14099,92.14099,102.06979
0.02891,69.61082,66.83217,76.16676,79.08293,82.75261,91.5663,91.5663,101.29636
0.02913,68.57643,66.4798,75.31308,78.63436,82.0382,91.18659,91.18659,101.15234
0.02936,67.63552,65.04459,74.40186,77.7867,80.87761,90.67568,90.67568,99.60199
0.02959,66.49245,64.63804,73.65188,76.28343,80.09421,89.29226,89.29226,99.25427
0.02982,65.72045,63.86762,72.654,75.79405,79.47813,88.77309,88.77309,98.06689
0.03005,65.3093,63.25236,71.70183,75.17083,78.53129,88.31955,88.31955,97.32767
0.03028,64.48067,62.51829,70.85673,73.86104,77.77817,87.95331,87.95331,96.59893
0.03052,63.77037,61.58222,70.54453,73.05964,77.27359,87.41206,87.41206,95.7161
0.03076,62.88174,60.40295,69.84975,72.45194,76.75378,86.84218,86.84218,95.53651
0.031,62.22877,59.95158,68.71263,71.1564,76.21228,85.87244,85.87244,94.79695
0.03124,61.3892,59.68622,67.7942,70.51344,75.53166,85.51717,85.51717,94.68276
0.03148,60.58892,59.2681,67.25786,70.18601,74.58066,85.36938,85.36938,94.48143
0.03173,59.52055,57.83081,66.78206,69.33301,73.38152,84.77146,84.77146,93.48453
0.03198,58.84183,57.06497,65.42098,68.40611,72.60075,84.17261,84.17261,92.74404
0.03223,58.32089,56.80534,65.05881,68.29229,72.24778,84.22406,84.22406,92.73055
0.03248,57.76387,56.31727,64.08045,67.79546,72.18311,83.42963,83.42963,92.37295
0.03273,57.27563,55.62635,63.83079,67.20158,71.5165,83.05672,83.05672,92.24199
0.03299,56.72792,55.078,63.11329,66.91479,71.51403,82.59547,82.59547,92.18113
0.03324,56.18964,54.97379,62.59336,66.12549,71.10303,81.99168,81.99168,91.90505
0.0335,55.83968,54.51509,62.21591,65.5376,70.61534,81.54153,81.54153,91.41159
0.03376,54.91621,54.26979,61.54656,65.28539,69.83946,81.08785,81.08785,90.60587
0.03403,54.49938,53.52927,60.80784,64.67087,69.37344,80.2873,80.2873,89.83244
0.03429,54.3473,53.4763,60.5938,64.39589,69.4779,80.46215,80.46215,89.70853
0.03456,53.75335,53.03271,60.20751,64.03129,68.71454,80.40425,80.40425,89.37501
0.03483,53.54071,52.59083,60.19657,63.84059,68.19387,80.02142,80.02142,89.12646
0.0351,53.12613,52.34188,59.45755,63.61548,68.09352,79.80262,79.80262,88.67614
0.03537,52.59617,51.99154,59.24124,63.2787,67.81534,79.53536,79.53536,88.39533
0.03565,52.07982,51.1517,58.31869,62.44588,67.66083,78.9734,78.9734,87.7819
0.03593,51.5483,51.02999,57.73639,61.75131,67.48437,78.53046,78.53046,87.20824
0.03621,51.72682,50.81068,57.46499,61.60048,67.00548,78.62851,78.62851,86.50551
0.03649,51.40335,50.33047,57.35159,61.33868,66.3173,78.59092,78.59092,86.66517
0.03677,50.88723,50.08688,57.08309,61.25333,66.20437,77.94991,77.94991,86.50705
0.03706,50.50119,49.74607,57.15378,61.12447,66.08752,77.78714,77.78714,86.40266
0.03735,50.32452,49.49098,56.63968,60.45314,65.51105,77.35994,77.35994,86.11928
0.03764,49.92138,49.36766,55.79298,59.84334,65.37081,77.12305,77.12305,85.62213
0.03794,49.55824,49.46742,55.61435,59.66129,65.28083,77.12121,77.12121,85.27686
0.03823,48.96569,48.61964,55.30773,59.53744,65.13941,76.95808,76.95808,85.28935
0.03853,48.88713,48.49144,55.45512,59.5613,64.91659,76.57945,76.57945,84.99044
0.03883,48.47055,48.1334,55.19492,59.26572,64.00637,76.54741,76.54741,84.71455
0.03913,48.24773,47.78578,54.61382,58.40562,64.08006,76.29552,76.29552,84.59519
0.03944,47.98386,47.54016,54.32645,58.37936,63.6971,75.95267,75.95267,84.69693
0.03974,47.76377,47.57335,53.96597,58.46497,63.29058,76.00647,76.00647,84.198
0.04005,47.53834,47.69574,53.79458,58.19794,63.30371,75.80791,75.80791,84.27148
0.04037,47.48443,47.30598,54.01325,58.07171,63.44332,75.79202,75.79202,83.91461
0.04068,47.54554,47.19914,53.81455,57.6826,63.29329,75.94052,75.94052,83.98048
0.041,47.34391,47.47403,53.58957,57.61885,63.2496,75.96107,75.96107,83.72627
0.04132,46.85797,47.16305,53.28853,57.22708,63.08378,75.57069,75.57069,83.38396
0.04164,46.6119,46.4628,52.88639,56.88445,62.89247,75.27398,75.27398,83.2016
0.04197,46.48143,46.36268,52.78704,56.79855,62.49467,74.40472,74.40472,82.8628
0.04229,46.08509,46.24218,52.40697,56.82333,62.44236,74.54942,74.54942,82.74274
0.04262,46.02896,46.29563,52.4296,56.62022,62.21236,74.40407,74.40407,82.44418
0.04295,45.87168,45.75769,52.17736,56.73333,62.09809,73.96997,73.96997,81.86558
0.04329,45.51438,45.78557,52.31874,56.24778,61.83654,73.8987,73.8987,81.90718
0.04363,45.28844,45.63207,52.2429,55.69816,61.76716,73.89636,73.89636,81.82102
0.04397,45.47135,45.52998,51.76447,55.86308,61.40306,73.7758,73.7758,81.4122
0.04431,45.89696,45.22258,51.41232,55.88299,61.58181,73.72502,73.72502,81.39073
0.04466,45.5698,44.95165,51.50831,56.27334,61.27428,73.79874,73.79874,81.51252
0.045,45.11814,45.03831,51.44022,56.1676,61.39927,73.97266,73.97266,81.64108
0.04535,44.97136,44.73539,51.30185,55.74472,61.22228,73.74976,73.74976,81.13763
0.04571,44.96725,44.97159,50.91556,55.57887,61.00613,73.40042,73.40042,80.91678
0.04606,44.80609,45.3712,50.9242,55.32501,60.87031,73.51654,73.51654,80.61424
0.04642,44.69662,45.14627,50.91783,55.20419,60.63042,73.11861,73.11861,80.50614
0.04679,44.66599,44.81867,50.66552,55.10504,60.45778,73.0182,73.0182,80.39265
0.04715,44.74755,44.6684,50.6432,55.10427,60.5327,72.81328,72.81328,80.29828
0.04752,44.66373,44.59781,50.44016,54.92709,60.50787,72.81773,72.81773,80.14389
0.04789,44.53085,44.75193,50.37823,54.87772,60.31309,72.44789,72.44789,80.39846
0.04826,44.18797,44.58617,50.42149,54.88776,59.8435,72.40398,72.40398,80.28823
0.04864,44.26699,44.36115,50.42547,54.91338,59.96777,72.26389,72.26389,79.89261
0.04902,44.33414,44.39498,50.2352,55.0152,60.21094,72.13394,72.13394,79.632
0.0494,44.08089,44.25195,50.24509,54.98295,60.03174,72.40461,72.40461,79.39305
0.04978,43.87306,44.12477,49.83944,54.70864,59.88576,72.02267,72.02267,79.48972
0.05017,43.79633,44.06629,49.58619,54.3619,59.55574,71.96576,71.96576,79.16241
0.05056,43.54651,43.99839,49.64053,54.33405,59.68699,71.73361,71.73361,78.94666
0.05096,43.64846,43.80497,49.83615,54.3619,59.89393,71.80983,71.80983,78.69608
0.05136,43.61439,44.05113,49.95205,54.42001,59.94173,71.56973,71.56973,78.92121
0.05176,43.50765,44.02843,49.70808,54.20233,59.77593,71.15365,71.15365,78.65941
0.05216,43.46821,43.71229,49.45089,53.96982,59.63248,71.29352,71.29352,78.48313
0.05257,43.32097,43.6259,49.32752,53.94421,59.53666,71.20648,71.20648,78.58059
0.05298,43.14632,43.71035,49.41886,53.85734,59.44888,71.1534,71.1534,78.28616
0.05339,43.15666,44.08326,49.31111,54.00313,59.68714,71.07856,71.07856,78.00843
0.0538,43.38091,43.71806,49.16443,53.90506,59.34007,70.79446,70.79446,77.79889
0.05422,43.42344,43.69242,49.41528,53.94036,59.01094,71.19968,71.19968,77.90081
0.05465,43.38237,43.60683,49.49508,53.8618,59.28469,71.23867,71.23867,77.32964
0.05507,43.02505,43.372,49.49395,53.96473,59.27243,70.61495,70.61495,77.33482
0.0555,43.0446,43.34658,49.3485,53.90069,59.0241,70.61433,70.61433,77.79446
0.05594,43.14585,43.5021,48.97618,53.86727,59.19067,70.65005,70.65005,77.65786
0.05637,43.1743,43.67525,49.10838,53.65926,59.28404,70.72955,70.72955,77.11183
0.05681,43.08668,43.34787,48.64798,53.84049,58.91932,69.9774,69.9774,76.509
0.05725,43.00002,43.36927,48.87064,53.65065,59.0175,69.99712,69.99712,76.27297
0.0577,42.95107,43.31071,48.71965,53.6671,58.87509,69.96698,69.96698,76.2999
0.05815,43.31275,43.54334,48.74908,53.59163,58.79441,69.74327,69.74327,76.29804
0.0586,43.34893,43.43456,49.03481,53.4225,58.74575,69.92659,69.92659,76.26903
0.05906,43.09843,43.30052,48.82658,53.30627,58.46554,69.45063,69.45063,75.99842
0.05952,42.8165,43.27932,48.68524,53.31835,58.33102,69.12495,69.12495,75.58898
0.05999,42.7491,43.35658,48.9941,53.35397,58.2868,69.24663,69.24663,75.37915
0.06045,42.73629,43.14429,48.67209,53.21441,58.3706,68.88568,68.88568,75.26024
0.06092,42.8956,43.23748,48.44072,53.13004,58.45652,68.98491,68.98491,75.42299
0.0614,42.93044,43.40329,48.40686,53.13585,58.48259,68.96228,68.96228,74.99843
0.06188,42.86621,43.42516,48.49771,53.2252,58.57289,68.99101,68.99101,74.8
0.06236,42.77637,43.1186,48.52411,53.07703,58.20359,68.60436,68.60436,74.92073
0.06285,42.75287,43.29364,48.61159,53.17005,58.24509,68.61664,68.61664,74.69808
0.06334,42.77893,43.11981,48.6207,53.41265,58.39387,68.45886,68.45886,74.41345
0.06383,42.6379,43.11598,48.2525,52.90741,58.08118,68.33759,68.33759,74.17727
0.06433,42.59993,42.88789,48.16439,52.7827,57.92538,68.12465,68.12465,74.01704
0.06483,42.46465,43.02961,48.22069,52.75315,57.99809,67.92765,67.92765,74.07392
0.06533,42.23605,43.23374,48.33742,52.65624,57.80124,67.85808,67.85808,73.61752
0.06584,42.5377,43.22667,48.29941,52.77805,58.03543,67.6544,67.6544,73.43931
0.06636,42.72125,43.20857,48.35528,53.05741,57.8669,67.60671,67.60671,73.25246
0.06687,42.87613,43.2506,48.44817,52.8772,57.72659,67.60294,67.60294,73.19564
0.0674,42.74357,43.14335,48.43733,52.72635,57.83252,67.55519,67.55519,72.74284
0.06792,42.35431,42.98353,48.2156,52.59275,57.74634,67.18536,67.18536,72.43253
0.06845,42.49924,42.93178,48.10324,52.68692,57.588,66.86539,66.86539,72.34979
0.06899,42.56808,43.10229,48.20521,52.59134,57.64179,66.97625,66.97625,72.56831
0.06952,43.23206,43.26383,48.17021,52.59982,57.36734,66.64324,66.64324,72.44208
0.07006,43.00924,43.22786,47.93044,52.6867,57.41331,66.6631,66.6631,72.0008
0.07061,42.58671,43.08848,48.10775,52.6413,57.18617,66.56672,66.56672,71.46495
0.07116,42.52806,43.11346,48.08886,52.56122,57.33301,66.35311,66.35311,71.31317
0.07172,42.49041,42.9562,47.98821,52.63838,57.17599,66.34553,66.34553,71.13083
0.07228,42.48939,43.0655,48.2483,52.36001,57.21924,65.81895,65.81895,70.90654
0.07284,42.64522,43.22867,48.19835,52.25537,57.1999,65.72089,65.72089,70.98767
0.07341,42.76003,43.06793,47.92729,52.35544,57.18379,66.07446,66.07446,70.88432
0.07398,42.61834,43.00503,47.74271,52.321,56.93589,65.57605,65.57605,70.42577
0.07456,42.5803,43.05024,47.98062,52.26261,56.96591,65.42761,65.42761,70.20673
0.07514,42.39415,42.77981,48.10137,52.4032,56.63797,65.32397,65.32397,69.68415
0.07572,42.61651,43.12852,47.97666,52.07279,56.54235,65.13454,65.13454,69.58946
0.07631,42.3816,42.99271,47.72599,52.03357,56.69038,64.69682,64.69682,69.41054
0.07691,42.38037,43.13196,47.90294,52.06871,56.44824,64.59474,64.59474,69.49977
0.07751,42.33595,43.03866,47.91822,51.99216,56.29326,64.40893,64.40893,69.04545
0.07811,42.45506,42.96139,47.91931,51.86173,56.21696,64.08898,64.08898,68.79249
0.07872,42.39882,42.98979,47.8136,52.00231,56.2688,63.83479,63.83479,68.57592
0.07934,42.46575,42.97876,47.74973,52.09457,56.14914,63.79527,63.79527,68.49997
0.07995,42.53946,42.90128,47.78583,51.74638,56.30577,63.79518,63.79518,68.21595
0.08058,42.63265,42.93993,47.74636,51.83981,56.17588,63.75284,63.75284,68.20666
0.08121,42.42093,43.03843,47.69341,51.56796,56.4726,63.41847,63.41847,67.96738
0.08184,42.38642,43.06042,47.69204,51.68347,56.14437,63.04651,63.04651,67.58947
0.08248,42.56374,43.06708,47.51422,51.77946,55.90545,62.83604,62.83604,67.21734
0.08312,42.54003,42.99148,47.49392,51.48987,55.84851,62.81115,62.81115,67.03099
0.08377,42.5309,43.09545,47.50175,51.52214,55.92044,62.73407,62.73407,66.98692
0.08442,42.55452,43.04254,47.50078,51.36497,55.75259,62.37058,62.37058,66.72453
0.08508,42.59857,43.04674,47.42861,51.29121,55.65569,62.47518,62.47518,66.35431
0.08574,42.58107,43.02727,47.41455,51.30158,55.35278,62.34324,62.34324,66.27107
0.08641,42.33432,42.81156,47.29292,51.31202,55.24127,61.9038,61.9038,65.7163
0.08708,42.48104,42.86459,47.26575,51.39141,55.22896,61.66496,61.66496,65.68663
0.08776,42.31252,42.69451,47.42705,51.09767,55.15863,61.46732,61.46732,65.22838
0.08845,42.14184,42.87973,47.32443,51.06115,54.96642,61.22472,61.22472,65.02708
0.08914,42.49427,43.1847,47.35419,51.19518,55.07519,61.17035,61.17035,65.01629
0.08983,42.62083,43.12938,47.1432,50.99885,55.03597,61.00521,61.00521,64.74811
0.09053,42.55223,42.85206,47.32372,50.97571,54.86627,60.70589,60.70589,64.51019
0.09124,42.3331,42.68389,47.38579,50.6921,54.68904,60.49551,60.49551,64.34555
0.09195,42.38776,42.79845,47.34281,50.89717,54.4828,60.29056,60.29056,63.80161
0.09267,42.34869,42.91436,47.16804,50.84288,54.38456,60.02758,60.02758,63.72485
0.09339,42.40952,42.97276,47.08891,50.62713,54.34886,59.93029,59.93029,63.56489
0.09412,42.5038,42.78519,47.02403,50.34029,54.2984,59.60137,59.60137,63.01061
0.09485,42.40069,42.79464,46.96709,50.48583,54.15842,59.43163,59.43163,62.81909
0.09559,42.23504,42.81504,46.9088,50.3064,53.78236,59.25398,59.25398,62.68045
0.09634,42.07653,42.68022,46.92808,50.26809,53.90912,59.02503,59.02503,62.48743
0.09709,42.3359,42.68047,46.92513,50.19903,53.827,58.82252,58.82252,61.89526
0.09784,42.36038,42.54642,46.88374,50.08321,53.64123,58.48228,58.48228,61.60913
0.09861,42.21249,42.70903,46.76541,50.05658,53.55708,58.30242,58.30242,61.66381
0.09938,42.31076,42.59342,46.77858,50.02777,53.53473,58.21888,58.21888,61.48773
0.10015,42.29814,42.55987,46.82589,49.88833,53.44073,57.95161,57.95161,61.17369
0.10093,42.21738,42.4291,46.68568,49.67442,53.24119,57.59231,57.59231,60.54
0.10172,42.10983,42.35471,46.38886,49.64316,53.13496,57.38089,57.38089,60.3673
0.10251,42.07694,42.41396,46.34281,49.58931,52.79083,57.07245,57.07245,60.15115
0.10331,42.13593,42.4083,46.40599,49.5623,52.73628,56.74445,56.74445,59.86856
0.10412,42.0981,42.41805,46.40651,49.37951,52.82753,56.58559,56.58559,59.62887
0.10493,42.06543,42.31404,46.37378,49.17834,52.61043,56.49541,56.49541,59.55809
0.10575,42.03848,42.21755,46.14804,49.22957,52.18705,56.24533,56.24533,59.14797
0.10657,41.99346,42.27825,46.1422,49.07938,52.27011,56.30924,56.30924,58.85797
0.1074,41.96854,42.15842,46.11965,49.12501,52.24032,55.84248,55.84248,58.76174
0.10824,41.90782,42.26655,46.00313,48.95091,52.03241,55.7191,55.7191,58.5217
0.10908,41.84794,42.13477,46.10933,48.95864,52.02234,55.37122,55.37122,58.29294
0.10993,41.71006,42.15403,45.90272,48.67559,51.71432,55.04936,55.04936,58.02489
0.11079,41.90748,42.13887,45.81795,48.70967,51.53966,54.83253,54.83253,57.5413
0.11165,41.65913,41.99313,45.66243,48.56198,51.44413,54.58655,54.58655,57.08944
0.11252,41.58024,41.9391,45.78509,48.2835,51.23257,54.50222,54.50222,56.78462
0.1134,41.63309,41.89904,45.65619,48.23096,51.16211,54.19793,54.19793,56.59746
0.11429,41.4684,41.62761,45.40541,48.16764,50.94683,53.73864,53.73864,56.22019
0.11518,41.39213,41.63072,45.40283,47.9554,50.76087,53.50127,53.50127,56.12415
0.11608,41.42576,41.6531,45.23176,47.98223,50.63276,53.3967,53.3967,55.88179
0.11698,41.30502,41.57875,44.96832,47.81492,50.31932,53.07396,53.07396,55.80739
0.11789,41.50001,41.49002,45.01734,47.8188,50.3918,52.76752,52.76752,55.33679
0.11881,41.33316,41.35345,44.95641,47.56798,50.1456,52.55216,52.55216,55.01864
0.11974,41.32847,41.40293,44.93304,47.52477,49.84967,52.52445,52.52445,54.6569
0.12067,41.2931,41.31608,44.8636,47.28678,49.90066,52.13255,52.13255,54.42802
0.12161,41.15761,41.33054,44.60435,47.23906,49.83207,51.97462,51.97462,54.01651
0.12256,41.16884,41.20639,44.5796,47.08306,49.52753,51.84645,51.84645,53.98213
0.12352,40.97619,41.00653,44.34831,46.80152,49.28178,51.34943,51.34943,53.60925
0.12448,40.87676,41.06359,44.44065,46.68609,49.07889,51.08424,51.08424,53.15188
0.12545,40.69061,40.9139,44.19455,46.62138,48.9736,50.8477,50.8477,53.03496
0.12643,40.66275,40.71641,44.11093,46.6769,48.82631,50.53639,50.53639,52.75714
0.12741,40.74677,40.745,44.13873,46.29227,48.65541,50.21125,50.21125,52.44303
0.12841,40.47018,40.70178,44.07498,46.09396,48.29481,50.23015,50.23015,52.22788
0.12941,40.52481,40.4567,43.86585,46.04079,48.35823,49.86849,49.86849,51.95904
0.13042,40.48027,40.51214,43.73724,45.74799,48.03672,49.45888,49.45888,51.61274
0.13143,40.30124,40.27186,43.50953,45.52007,47.7236,49.24053,49.24053,51.13859
0.13246,40.04134,40.01686,43.27679,45.30232,47.58477,48.73345,48.73345,50.87668
0.13349,39.89263,40.07216,43.28916,45.33621,47.3644,48.48064,48.48064,50.62724
0.13453,39.88759,39.89478,43.23055,44.94822,47.15107,48.4966,48.4966,50.3414
0.13558,39.63787,39.56241,42.88317,44.67875,46.94942,48.08684,48.08684,49.93404
0.13664,39.55266,39.59647,42.62386,44.58986,46.79723,47.6816,47.6816,49.77413
0.1377,39.3687,39.39101,42.44457,44.49428,46.52919,47.34912,47.34912,49.36569
0.13878,39.4492,39.30604,42.44715,44.37072,46.37661,47.07478,47.07478,49.15809
0.13986,39.32224,39.15211,42.24766,43.98958,46.19605,46.93881,46.93881,48.71855
0.14095,39.08138,38.97741,42.11165,43.92351,45.84931,46.44181,46.44181,48.27903
0.14205,39.05901,38.9861,41.9239,43.68018,45.58226,46.30775,46.30775,48.14946
0.14316,38.76885,38.73411,41.71008,43.5381,45.41008,45.98547,45.98547,47.76129
0.14427,38.70112,38.65805,41.64761,43.27549,45.02341,45.69994,45.69994,47.31721
0.1454,38.64671,38.35988,41.38706,43.02577,44.91893,45.44682,45.44682,46.99051
0.14653,38.54738,38.37162,41.36246,42.8901,44.64368,45.04396,45.04396,46.75954
0.14767,38.46723,38.19401,41.08799,42.61508,44.47814,44.78276,44.78276,46.68186
0.14882,38.23674,38.03102,40.80612,42.51504,44.18278,44.53869,44.53869,46.25494
0.14998,38.12158,37.92067,40.75348,42.33687,44.00192,44.26106,44.26106,45.96698
0.15115,38.0824,37.79506,40.53545,42.10064,43.73999,43.9808,43.9808,45.65147
0.15233,37.92077,37.61446,40.39108,41.86178,43.48674,43.61759,43.61759,45.23532
0.15352,37.75919,37.44646,40.29367,41.60015,43.23197,43.31009,43.31009,45.02906
0.15472,37.69827,37.26964,40.07307,41.38392,42.97369,42.8692,42.8692,44.7132
0.15592,37.41907,37.17943,39.80359,41.23135,42.69928,42.61065,42.61065,44.30597
0.15714,37.25346,37.07328,39.72849,41.03044,42.40296,42.38845,42.38845,44.01957
0.15836,37.17126,36.92649,39.58006,40.89457,42.3062,42.20075,42.20075,43.76282
0.1596,36.86038,36.69916,39.27861,40.6433,42.09434,41.78864,41.78864,43.50139
0.16084,36.92532,36.54175,39.20685,40.4643,41.74385,41.6865,41.6865,43.18195
0.1621,36.71615,36.36584,38.99382,40.35343,41.55459,41.3098,41.3098,42.99968
0.16336,36.53447,36.38077,38.76209,40.07121,41.31022,41.11104,41.11104,42.66149
0.16463,36.41936,36.03242,38.67577,39.8802,41.16446,40.74057,40.74057,42.38567
0.16592,36.30379,36.00353,38.49623,39.60117,40.93169,40.56784,40.56784,42.0137
0.16721,36.01052,35.73048,38.34228,39.52383,40.69678,40.25825,40.25825,41.79974
0.16852,35.88973,35.63083,38.23553,39.22754,40.54412,39.9247,39.9247,41.5593
0.16983,35.85497,35.55069,37.96189,38.99129,40.31776,39.77679,39.77679,41.17837
0.17115,35.64377,35.46006,37.74804,38.90819,40.09267,39.47025,39.47025,40.9385
0.17249,35.49564,35.14443,37.58346,38.68685,39.86579,39.1694,39.1694,40.68757
0.17383,35.27196,35.12744,37.39539,38.36398,39.60597,38.77861,38.77861,40.26548
0.17519,35.33255,35.04051,37.17028,38.30001,39.40886,38.57115,38.57115,40.05204
0.17655,35.20326,34.76817,37.04387,38.11925,39.17633,38.46504,38.46504,39.94478
0.17793,34.94467,34.65832,36.86168,37.84795,38.90997,38.14521,38.14521,39.65565
0.17932,34.87158,34.45033,36.80893,37.88831,38.69747,37.94428,37.94428,39.3155
0.18072,34.77275,34.24424,36.57349,37.61096,38.39238,37.66619,37.66619,39.02199
0.18212,34.59134,34.11241,36.41433,37.3214,38.14229,37.45979,37.45979,38.86887
0.18354,34.49637,34.04769,36.23502,37.07854,37.9799,37.07382,37.07382,38.57133
0.18498,34.27264,33.76754,35.99813,36.84346,37.74145,36.8574,36.8574,38.26913
0.18642,34.1496,33.73426,35.87521,36.62709,37.60783,36.5358,36.5358,37.97128
0.18787,33.99558,33.58446,35.93432,36.43744,37.26805,36.34303,36.34303,37.71186
0.18934,33.9599,33.44885,35.58952,36.27692,37.01061,36.18668,36.18668,37.50158
0.19081,33.75317,33.18661,35.39891,36.10407,36.88097,36.00297,36.00297,37.23987
0.1923,33.66655,33.02606,35.2037,35.86298,36.63854,35.59452,35.59452,36.96891
0.1938,33.52523,32.92495,35.03141,35.69576,36.42454,35.43323,35.43323,36.68352
0.19531,33.309,32.76451,34.92443,35.43654,36.25888,35.13366,35.13366,36.40404
0.19683,33.26431,32.62644,34.71538,35.24423,36.09813,34.932,34.932,36.25773
0.19837,33.05493,32.46347,34.48963,35.05023,35.82311,34.65423,34.65423,35.98214
0.19991,32.87037,32.33073,34.3604,34.9931,35.68772,34.48757,34.48757,35.74415
0.20147,32.82051,32.17692,34.24419,34.79824,35.43495,34.33251,34.33251,35.5323
0.20304,32.60227,32.03475,33.97328,34.52373,35.21965,33.99593,33.99593,35.26059
0.20463,32.40232,31.7992,33.84886,34.37777,35.02102,33.68415,33.68415,35.06342
0.20622,32.33925,31.76746,33.70584,34.12043,34.92564,33.54904,33.54904,34.88482
0.20783,32.19693,31.59494,33.5333,33.94891,34.61118,33.27688,33.27688,34.61367
0.20945,32.13141,31.47978,33.32579,33.8378,34.43357,33.06662,33.06662,34.4369
0.21108,31.90927,31.30241,33.14058,33.64018,34.2102,32.92193,32.92193,34.09729
0.21273,31.77499,31.13995,32.99048,33.41696,34.09298,32.63651,32.63651,33.85401
0.21439,31.64637,31.09313,32.91029,33.30227,33.82874,32.40256,32.40256,33.63168
0.21606,31.56913,30.91291,32.65277,33.17167,33.66585,32.29856,32.29856,33.44497
0.21774,31.46883,30.72872,32.55435,32.97239,33.49191,31.95942,31.95942,33.15132
0.21944,31.22299,30.62313,32.36384,32.75872,33.26519,31.76721,31.76721,33.01593
0.22115,31.10711,30.48798,32.3057,32.52592,33.14882,31.69336,31.69336,32.79368
0.22288,30.95974,30.49674,32.08924,32.44569,32.88982,31.38932,31.38932,32.69382
0.22461,30.76272,30.18062,31.9703,32.17914,32.66253,31.12255,31.12255,32.41281
0.22637,30.72788,30.09094,31.83096,32.05436,32.53952,30.87559,30.87559,32.18175
0.22813,30.59292,29.84393,31.57659,31.86118,32.34809,30.76991,30.76991,31.95121
0.22991,30.32644,29.76685,31.48298,31.6929,32.25158,30.52776,30.52776,31.66421
0.2317,30.27808,29.55955,31.27153,31.57072,31.93906,30.37087,30.37087,31.55129
0.23351,30.22801,29.51388,31.15519,31.45028,31.86737,30.19917,30.19917,31.35035
0.23533,30.05128,29.37555,31.04432,31.22104,31.5998,30.00505,30.00505,31.20536
0.23716,29.98019,29.38717,30.98444,31.09164,31.45128,29.81266,29.81266,31.10521
0.23901,29.88449,29.18178,30.76316,30.96777,31.35995,29.6307,29.6307,30.78886
0.24088,29.6788,28.92889,30.59619,30.75671,31.16408,29.47439,29.47439,30.49059
0.24275,29.5212,28.79536,30.44217,30.57869,30.98955,29.21268,29.21268,30.32596
0.24465,29.41798,28.78925,30.2264,30.46746,30.76546,29.03927,29.03927,30.20222
0.24655,29.20389,28.54735,30.03301,30.22199,30.54189,28.80661,28.80661,29.88262
0.24848,29.15498,28.33362,29.96892,30.06874,30.35685,28.63274,28.63274,29.72066
0.25041,28.91483,28.18482,29.77251,29.93317,30.14495,28.50023,28.50023,29.58583
0.25237,28.78521,32.02877,29.62646,29.73704,30.02197,28.22608,28.22608,29.36587
0.25433,28.72151,28.6215,29.45165,29.61819,29.82603,28.13929,28.13929,29.2115
0.25632,28.5369,27.79439,29.31677,29.41595,29.71296,27.88538,27.88538,29.02359
0.25831,28.37561,27.59639,29.10859,29.23531,29.54899,27.78282,27.78282,28.82828
0.26033,28.24687,27.55478,28.95459,29.14178,29.35391,27.51518,27.51518,28.69852
0.26236,28.13184,27.42187,28.8597,28.9434,29.2593,27.41827,27.41827,28.48547
0.2644,28.06388,27.28458,28.67098,28.75325,29.05345,27.21787,27.21787,28.2379
0.26647,27.78186,27.11945,28.51181,28.55382,28.92882,27.03497,27.03497,28.07322
0.26854,27.67303,26.96648,28.38114,28.43533,28.65816,26.86665,26.86665,27.98039
0.27064,27.58609,26.8723,28.38794,28.34657,28.45454,26.66055,26.66055,27.79377
0.27275,27.48035,26.70183,28.12558,28.10599,28.3329,26.49841,26.49841,27.60783
0.27487,27.3427,26.54396,27.97813,28.03115,28.19869,26.32897,26.32897,27.4876
0.27702,27.21898,26.37261,27.79659,27.85085,27.99481,26.30183,26.30183,27.2824
0.27918,27.0388,26.27553,27.6652,27.6904,27.8981,26.07244,26.07244,27.19767
0.28135,26.92395,26.11099,27.49327,27.5096,27.70589,25.86235,25.86235,26.957
0.28355,26.80891,26.05937,27.38726,27.36757,27.5774,25.68396,25.68396,26.78373
0.28576,26.62277,25.86442,27.22374,27.26187,27.4012,25.58447,25.58447,26.5382
0.28798,26.52322,25.768,27.04435,27.11036,27.22272,25.3934,25.3934,26.3836
0.29023,26.3617,25.59663,26.90295,26.84332,27.05438,25.25268,25.25268,26.27305
0.29249,26.25053,25.51572,26.80587,26.73045,26.89067,25.05707,25.05707,26.14066
0.29477,26.1925,25.37426,26.72126,26.67676,26.80032,24.93649,24.93649,25.96898
0.29707,26.09435,25.23415,26.51411,26.50869,26.58,24.77568,24.77568,25.87532
0.29939,25.89438,25.09295,26.35612,26.33794,26.49025,24.62301,24.62301,25.60623
0.30172,25.71112,24.85332,26.27437,26.09935,26.24713,24.44146,24.44146,25.48486
0.30407,25.50968,24.74446,26.00001,25.98378,26.06293,24.2267,24.2267,25.32262
0.30645,25.49712,24.75221,25.98509,25.90078,26.00936,24.20701,24.20701,25.25835
0.30883,25.32388,24.53665,25.80078,25.81453,25.89593,24.03336,24.03336,24.97193
0.31124,25.21962,24.44036,25.6552,25.56529,25.80795,23.86009,23.86009,24.78954
0.31367,25.13686,24.31698,25.48188,25.44189,25.55161,23.65597,23.65597,24.65629
0.31611,25.02392,24.17289,25.44451,25.29799,25.58803,23.52433,23.52433,24.5083
0.31858,24.93605,24.0867,25.26636,25.17854,25.42189,23.38585,23.38585,24.33503
0.32106,24.80107,24.01902,25.16796,25.0845,25.17802,23.29755,23.29755,24.27639
0.32357,28.0911,23.83405,25.00752,24.93418,25.08768,23.1585,23.1585,24.07385
0.32609,24.58308,23.75812,24.96877,24.78517,25.66115,23.04468,23.04468,23.98401
0.32863,24.48329,23.58259,24.72399,24.72165,24.71907,22.7958,22.7958,23.8081
0.33119,24.39251,23.45204,24.60056,24.5458,24.57787,22.73117,22.73117,23.71179
0.33378,24.16677,23.33526,24.51204,24.3588,24.50753,22.57268,22.57268,23.47619
0.33638,24.0157,23.31223,24.33552,24.2235,24.38081,22.38471,22.38471,23.36937
0.339,23.85729,23.15032,24.2116,24.02056,24.13576,22.20282,22.20282,23.15488
0.34164,23.69885,22.93066,24.03011,23.90093,23.86011,22.08164,22.08164,23.06939
0.34431,23.62948,22.73864,23.88536,23.81951,23.8416,21.93577,21.93577,22.94262
0.34699,23.5004,22.6296,23.73432,23.63702,23.705,21.80591,21.80591,22.79806
0.3497,23.41565,22.54195,23.76605,23.51312,23.58632,21.75928,21.75928,22.625
0.35242,23.43645,22.48728,23.64497,23.37662,23.44855,21.59559,21.59559,22.55452
0.35517,23.1982,22.3925,23.44931,23.29115,23.36464,21.45574,21.45574,22.40877
0.35794,23.12525,22.34114,23.4144,23.27961,23.22704,21.36859,21.36859,22.35329
0.36073,23.13388,22.25633,23.34909,23.24212,23.20068,21.30415,21.30415,22.29619
0.36354,23.06691,22.25845,23.27066,23.10549,23.14218,21.19409,21.19409,22.16977
0.36638,22.98926,22.14037,23.22365,23.04935,23.09419,21.08897,21.08897,22.04259
0.36923,23.08133,22.13967,23.31344,23.05179,22.9875,28.52859,28.52859,22.04749
0.37211,23.17162,22.18114,23.33796,23.08448,23.10967,21.24186,21.24186,22.12738
0.37501,23.21305,22.2311,23.35699,23.07992,23.10735,21.08731,21.08731,22.00727
0.37794,23.17348,22.28075,23.30834,23.10884,23.1537,20.97891,20.97891,22.00006
0.38089,23.37155,22.3156,23.43208,23.29449,23.21219,21.16553,21.16553,22.12679
0.38386,23.442,22.54662,23.60123,23.42155,23.33883,21.26968,21.26968,22.16361
0.38685,23.63437,22.61947,23.6741,23.50917,23.43292,21.41894,21.41894,22.26701
0.38986,23.82841,22.86745,23.83419,23.70333,23.67944,21.51275,21.51275,22.48676
0.3929,23.99134,23.05131,24.08171,23.77187,23.80938,21.71451,21.71451,22.75978
0.39597,22.97116,22.11393,23.15412,22.87012,22.78089,20.70952,20.70952,21.65652